-- Cross-Stitch Dueling Bot fixtures for development.

INSERT INTO users (id, username, fullname, active)
VALUES
  (1, 'wmaccaffery0', 'Waly MacCaffery', TRUE),
  (2, 'emartinolli1', 'Eartha Martinolli', FALSE),
  (3, 'aortmann2', 'Anderson Ortmann', FALSE),
  (4, 'emccartney3', 'Essie McCartney', FALSE),
  (5, 'tferne4', 'Theresa Ferne', FALSE),
  (6, 'bkorb5', 'Brucie Korb', TRUE),
  (7, 'llarking6', 'Lotta Larking', TRUE),
  (8, 'fskillett7', 'Francyne Skillett', FALSE),
  (9, 'ssictornes8', 'Seymour Sictornes', TRUE),
  (10, 'wemmanuele9', 'Waylon Emmanuele', FALSE),
  (11, 'rrockinghama', 'Rolf Rockingham', FALSE),
  (12, 'hjanochb', 'Hermann Janoch', TRUE),
  (13, 'igarthlandc', 'Ileane Garthland', FALSE),
  (14, 'gstapletond', 'Garry Stapleton', FALSE),
  (15, 'btuerenae', 'Bradley Tuerena', TRUE),
  (16, 'sconniamf', 'Stavros Conniam', TRUE),
  (17, 'tharmestong', 'Tadeo Harmeston', FALSE),
  (18, 'jadanezh', 'Juieta Adanez', FALSE),
  (19, 'imerretti', 'Isak Merrett', TRUE),
  (20, 'mbayleyj', 'Moreen Bayley', TRUE),
  (21, 'bregik', 'Bil Regi', TRUE),
  (22, 'tgocherl', 'Thorndike Gocher', FALSE),
  (23, 'vdublinm', 'Verne Dublin', TRUE),
  (24, 'estorchn', 'Elisha Storch', TRUE),
  (25, 'ablethino', 'April Blethin', FALSE),
  (26, 'jbowlesp', 'Jeffry Bowles', FALSE),
  (27, 'slabusquiereq', 'Sande Labusquiere', FALSE),
  (28, 'ndowseyr', 'Normy Dowsey', TRUE),
  (29, 'zleathems', 'Zared Leathem', TRUE),
  (30, 'avanbrught', 'Aggy VanBrugh', TRUE),
  (31, 'tmaccambridgeu', 'Taber MacCambridge', TRUE),
  (32, 'avettorev', 'Aylmer Vettore', FALSE),
  (33, 'aberzinsw', 'Adams Berzins', FALSE),
  (34, 'lgenthnerx', 'Livia Genthner', TRUE)
ON CONFLICT DO NOTHING;

INSERT INTO user_settings (user_id, stitches_rate, participates_in_weekly_random_duels)
VALUES
  (1, 'low', TRUE),
  (2, 'medium', FALSE),
  (3, 'medium', TRUE),
  (4, 'low', TRUE),
  (5, 'low', TRUE),
  (6, 'high', TRUE),
  (7, 'medium', TRUE),
  (8, 'medium', TRUE),
  (9, 'medium', FALSE),
  (10, 'high', TRUE),
  (11, 'medium', FALSE),
  (12, 'low', TRUE),
  (13, 'high', TRUE),
  (14, 'high', TRUE),
  (15, 'low', FALSE),
  (16, 'low', TRUE),
  (17, 'low', FALSE),
  (18, 'medium', FALSE),
  (19, 'low', TRUE),
  (20, 'medium', TRUE),
  (21, 'high', FALSE),
  (22, 'medium', FALSE),
  (23, 'low', FALSE),
  (24, 'low', FALSE),
  (25, 'low', FALSE),
  (26, 'medium', FALSE),
  (27, 'low', FALSE),
  (28, 'medium', FALSE),
  (29, 'low', FALSE),
  (30, 'high', TRUE),
  (31, 'low', FALSE),
  (32, 'low', TRUE),
  (33, 'low', FALSE),
  (34, 'medium', FALSE)
ON CONFLICT DO NOTHING;

INSERT INTO duels (id, codeword, status, created_at)
VALUES
  (1, 'bifurcated', 'completed', '2025-06-18 22:15:28'),
  (2, 'challenge', 'completed', '2025-06-14 10:01:11'),
  (3, 'hierarchy', 'completed', '2025-06-07 17:26:49'),
  (4, 'forecast', 'completed', '2025-06-26 18:13:06'),
  (5, 'time-frame', 'completed', '2025-07-19 11:52:01'),
  (6, 'Ameliorated', 'completed', '2025-07-26 23:05:15'),
  (7, 'Sharable', 'completed', '2025-06-21 12:04:27'),
  (8, 'motivating', 'completed', '2025-06-25 21:22:11'),
  (9, 'Cloned', 'completed', '2025-07-13 23:35:00'),
  (10, 'time-frame', 'completed', '2025-06-12 19:03:23'),
  (11, 'Advanced', 'completed', '2025-06-03 20:03:45'),
  (12, 'non-volatile', 'completed', '2025-07-29 07:49:16'),
  (13, 'impactful', 'completed', '2025-07-19 16:07:43'),
  (14, 'user-facing', 'completed', '2025-07-05 09:49:28'),
  (15, 'Synchronised', 'completed', '2025-07-08 15:51:59'),
  (16, 'human-resource', 'completed', '2025-06-22 18:31:08'),
  (17, 'contextually-based', 'completed', '2025-07-06 13:28:09'),
  (18, 'Re-contextualized', 'completed', '2025-06-22 22:51:18'),
  (19, 'initiative', 'completed', '2025-06-16 14:39:04'),
  (20, 'Team-oriented', 'completed', '2025-06-07 06:37:08'),
  (21, 'leverage', 'completed', '2025-06-12 12:13:03'),
  (22, 'Innovative', 'completed', '2025-06-03 12:42:39'),
  (23, 'Team-oriented', 'completed', '2025-07-02 00:12:32'),
  (24, 'directional', 'completed', '2025-07-25 18:59:11'),
  (25, 'system-worthy', 'completed', '2025-07-06 14:29:27'),
  (26, 'non-volatile', 'completed', '2025-06-03 06:55:48'),
  (27, 'Front-line', 'completed', '2025-06-05 17:20:58'),
  (28, 'human-resource', 'completed', '2025-07-01 17:24:48'),
  (29, 'real-time', 'completed', '2025-06-04 18:23:33'),
  (30, 'Extended', 'completed', '2025-06-15 14:16:19'),
  (31, 'archive', 'completed', '2025-07-22 11:24:57'),
  (32, 'groupware', 'completed', '2025-06-03 02:21:41'),
  (33, 'Extended', 'completed', '2025-07-10 14:33:56'),
  (34, 'Centralized', 'completed', '2025-07-11 05:11:24'),
  (35, 'De-engineered', 'completed', '2025-06-22 13:44:58'),
  (36, 'Reverse-engineered', 'completed', '2025-06-29 14:29:10'),
  (37, 'asynchronous', 'completed', '2025-07-13 14:04:15'),
  (38, 'open architecture', 'completed', '2025-07-07 06:55:42'),
  (39, 'time-frame', 'completed', '2025-06-19 17:54:41'),
  (40, 'Team-oriented', 'completed', '2025-07-30 09:43:31'),
  (41, 'capability', 'completed', '2025-06-05 23:03:24'),
  (42, 'foreground', 'completed', '2025-06-05 18:50:43'),
  (43, 'Diverse', 'completed', '2025-07-19 07:09:17'),
  (44, 'next generation', 'completed', '2025-07-21 19:32:27'),
  (45, 'user-facing', 'completed', '2025-06-05 19:40:33'),
  (46, 'client-server', 'completed', '2025-07-30 07:41:46'),
  (47, 'complexity', 'completed', '2025-06-17 02:43:29'),
  (48, 'bifurcated', 'completed', '2025-07-24 15:29:08'),
  (49, 'Integrated', 'completed', '2025-06-12 04:00:26'),
  (50, 'fault-tolerant', 'completed', '2025-07-27 15:57:14'),
  (51, 'local', 'completed', '2025-06-10 15:50:32'),
  (52, '6th generation', 'completed', '2025-06-15 00:49:59'),
  (53, 'Digitized', 'completed', '2025-07-10 01:06:02'),
  (54, 'Multi-channelled', 'completed', '2025-07-16 12:30:44'),
  (55, 'utilisation', 'completed', '2025-06-19 13:09:22'),
  (56, 'transitional', 'completed', '2025-06-21 03:27:42'),
  (57, 'Diverse', 'completed', '2025-07-17 13:24:44'),
  (58, 'Adaptive', 'completed', '2025-07-25 16:43:43'),
  (59, 'Synergistic', 'completed', '2025-06-25 23:08:56'),
  (60, 'non-volatile', 'completed', '2025-07-13 01:38:59'),
  (61, 'Focused', 'completed', '2025-07-10 01:53:44'),
  (62, 'Graphic Interface', 'completed', '2025-07-01 01:00:59'),
  (63, 'service-desk', 'completed', '2025-06-13 08:22:03'),
  (64, 'Digitized', 'completed', '2025-07-17 09:40:39'),
  (65, 'Proactive', 'completed', '2025-07-11 16:16:30'),
  (66, 'moratorium', 'completed', '2025-06-01 14:07:02'),
  (67, 'scalable', 'completed', '2025-06-17 07:08:21'),
  (68, 'Compatible', 'completed', '2025-07-06 03:19:26'),
  (69, 'toolset', 'completed', '2025-07-23 11:34:13'),
  (70, 'capability', 'completed', '2025-06-07 16:38:25'),
  (71, 'responsive', 'completed', '2025-07-23 04:37:48'),
  (72, 'attitude-oriented', 'completed', '2025-07-10 02:28:53'),
  (73, 'coherent', 'completed', '2025-07-20 19:23:24'),
  (74, 'algorithm', 'completed', '2025-07-12 15:41:22'),
  (75, 'asynchronous', 'completed', '2025-07-10 17:31:09'),
  (76, 'Reactive', 'completed', '2025-07-02 20:07:23'),
  (77, 'Extended', 'completed', '2025-06-21 23:13:34'),
  (78, 'Innovative', 'completed', '2025-06-14 06:28:03'),
  (79, 'strategy', 'completed', '2025-06-24 08:27:53'),
  (80, 'Quality-focused', 'completed', '2025-07-15 22:07:58'),
  (81, 'responsive', 'completed', '2025-07-14 13:36:56'),
  (82, 'Cross-platform', 'completed', '2025-06-14 04:14:05'),
  (83, 'Synergistic', 'completed', '2025-07-08 16:06:42'),
  (84, 'Extended', 'completed', '2025-06-27 00:08:31'),
  (85, 'logistical', 'completed', '2025-07-10 00:52:36'),
  (86, 'groupware', 'completed', '2025-06-02 07:02:15'),
  (87, 'Persevering', 'completed', '2025-07-28 05:04:43'),
  (88, 'explicit', 'completed', '2025-06-09 10:30:45'),
  (89, 'demand-driven', 'completed', '2025-07-05 15:22:18'),
  (90, 'contextually-based', 'completed', '2025-07-11 04:46:20'),
  (91, 'fault-tolerant', 'completed', '2025-07-12 08:12:48'),
  (92, 'disintermediate', 'completed', '2025-07-10 10:03:58'),
  (93, 'Expanded', 'completed', '2025-07-07 02:25:42'),
  (94, 'content-based', 'completed', '2025-06-08 10:20:48'),
  (95, 'knowledge user', 'completed', '2025-07-20 05:41:12'),
  (96, 'leverage', 'completed', '2025-06-04 23:35:22'),
  (97, 'migration', 'completed', '2025-07-04 13:02:24'),
  (98, 'interactive', 'completed', '2025-06-14 02:07:38'),
  (99, 'budgetary management', 'completed', '2025-06-03 02:44:59'),
  (100, 'ability', 'completed', '2025-07-12 10:53:21')
ON CONFLICT DO NOTHING;

INSERT INTO duel_participants (duel_id, user_id)
VALUES
  (1, 26),
  (1, 1),
  (2, 28),
  (2, 1),
  (3, 26),
  (3, 1),
  (4, 1),
  (4, 26),
  (5, 28),
  (5, 1),
  (6, 6),
  (6, 4),
  (7, 6),
  (7, 7),
  (8, 6),
  (8, 13),
  (9, 31),
  (9, 23),
  (10, 2),
  (10, 10),
  (11, 28),
  (11, 12),
  (12, 2),
  (12, 8),
  (13, 4),
  (13, 7),
  (14, 5),
  (14, 9),
  (15, 28),
  (15, 12),
  (16, 1),
  (16, 11),
  (17, 29),
  (17, 15),
  (18, 8),
  (18, 10),
  (19, 2),
  (19, 16),
  (20, 4),
  (20, 7),
  (21, 26),
  (21, 9),
  (22, 31),
  (22, 28),
  (23, 17),
  (23, 12),
  (24, 12),
  (24, 17),
  (25, 1),
  (25, 5),
  (26, 16),
  (26, 11),
  (27, 8),
  (27, 7),
  (28, 2),
  (28, 4),
  (29, 9),
  (29, 10),
  (30, 12),
  (30, 28),
  (31, 17),
  (31, 8),
  (32, 31),
  (32, 1),
  (33, 9),
  (33, 16),
  (34, 2),
  (34, 11),
  (35, 12),
  (35, 4),
  (36, 10),
  (36, 7),
  (37, 30),
  (37, 28),
  (38, 30),
  (38, 28),
  (39, 26),
  (39, 30),
  (40, 29),
  (40, 11),
  (41, 12),
  (41, 3),
  (42, 14),
  (42, 31),
  (43, 28),
  (43, 1),
  (44, 10),
  (44, 7),
  (45, 2),
  (45, 24),
  (46, 6),
  (46, 5),
  (47, 16),
  (47, 18),
  (48, 9),
  (48, 4),
  (49, 8),
  (49, 17),
  (50, 16),
  (50, 1),
  (51, 28),
  (51, 26),
  (52, 8),
  (52, 17),
  (53, 31),
  (53, 14),
  (54, 2),
  (54, 11),
  (55, 4),
  (55, 7),
  (56, 8),
  (56, 17),
  (57, 12),
  (57, 6),
  (58, 2),
  (58, 16),
  (59, 26),
  (59, 28),
  (60, 26),
  (60, 11),
  (61, 1),
  (61, 29),
  (62, 1),
  (62, 15),
  (63, 4),
  (63, 7),
  (64, 12),
  (64, 31),
  (65, 5),
  (65, 10),
  (66, 9),
  (66, 8),
  (67, 17),
  (67, 28),
  (68, 16),
  (68, 15),
  (69, 4),
  (69, 7),
  (70, 2),
  (70, 1),
  (71, 31),
  (71, 11),
  (72, 8),
  (72, 10),
  (73, 12),
  (73, 23),
  (74, 28),
  (74, 26),
  (75, 4),
  (75, 7),
  (76, 2),
  (76, 16),
  (77, 1),
  (77, 15),
  (78, 12),
  (78, 23),
  (79, 31),
  (79, 11),
  (80, 5),
  (80, 10),
  (81, 5),
  (81, 20),
  (82, 2),
  (82, 16),
  (83, 7),
  (83, 4),
  (84, 12),
  (84, 29),
  (85, 26),
  (85, 28),
  (86, 15),
  (86, 1),
  (87, 28),
  (87, 11),
  (88, 15),
  (88, 1),
  (89, 26),
  (89, 31),
  (90, 12),
  (90, 20),
  (91, 33),
  (91, 14),
  (91, 3),
  (92, 16),
  (92, 5),
  (93, 24),
  (93, 7),
  (94, 6),
  (94, 10),
  (94, 2),
  (95, 4),
  (95, 8),
  (96, 17),
  (96, 9),
  (97, 22),
  (97, 21),
  (98, 20),
  (98, 10),
  (99, 16),
  (99, 17),
  (100, 12),
  (100, 28)
ON CONFLICT DO NOTHING;

INSERT INTO duel_winners (duel_id, user_id)
VALUES
  (9, 31),
  (12, 8),
  (13, 4),
  (16, 1),
  (17, 29),
  (19, 2),
  (20, 7),
  (21, 9),
  (22, 31),
  (25, 1),
  (26, 16),
  (28, 2),
  (27, 8),
  (29, 9),
  (31, 17),
  (32, 1),
  (33, 9),
  (34, 2),
  (36, 7),
  (38, 28),
  (39, 26),
  (43, 1),
  (50, 16),
  (51, 26),
  (54, 2),
  (55, 7),
  (53, 14),
  (56, 8),
  (57, 6),
  (58, 16),
  (60, 26),
  (62, 1),
  (63, 7),
  (64, 31),
  (65, 10),
  (66, 9),
  (67, 17),
  (68, 16),
  (71, 11),
  (73, 23),
  (74, 28),
  (76, 16),
  (77, 15),
  (79, 11),
  (82, 16),
  (83, 4),
  (85, 28),
  (86, 15),
  (87, 28),
  (88, 15),
  (89, 31),
  (93, 7),
  (94, 2),
  (96, 17),
  (97, 21),
  (98, 10),
  (99, 17),
  (100, 12)
ON CONFLICT DO NOTHING;
